{"record_id": 0, "iter_per_learner": 1, "logged_metric": null, "trial_time": 1.6171882152557373, "wall_clock_time": 2.1575000286102295, "validation_loss": 0.18723228955804966, "config": {"n_estimators": 122, "num_leaves": 4, "min_child_samples": 4, "learning_rate": 0.02198872521192745, "log_max_bin": 10, "colsample_bytree": 0.9703483726732456, "reg_alpha": 0.07228776149813766, "reg_lambda": 0.06398821059524888}, "learner": "lgbm", "sample_size": 43812}
{"record_id": 1, "iter_per_learner": 1, "logged_metric": null, "trial_time": 2.535334825515747, "wall_clock_time": 7.581773281097412, "validation_loss": 0.18359609721750234, "config": {"n_estimators": 116, "max_leaves": 4, "min_child_weight": 0.33159711211830895, "learning_rate": 0.053000266497342456, "subsample": 0.6327895538868441, "colsample_bylevel": 0.8666018637477523, "colsample_bytree": 0.9082549950738142, "reg_alpha": 0.0009765625, "reg_lambda": 0.002736337018786481}, "learner": "xgboost", "sample_size": 43812}
{"record_id": 2, "iter_per_learner": 1, "logged_metric": null, "trial_time": 3.5538177490234375, "wall_clock_time": 23.470669984817505, "validation_loss": 0.18235294583973677, "config": {"n_estimators": 33, "max_features": 0.9999999999999996, "max_leaves": 12, "criterion": "entropy"}, "learner": "extra_tree", "sample_size": 43812}
{"record_id": 3, "iter_per_learner": 6, "logged_metric": null, "trial_time": 5.151782512664795, "wall_clock_time": 90.01363444328308, "validation_loss": 0.18229957088677795, "config": {"n_estimators": 70, "max_features": 0.9969126323328492, "max_leaves": 7, "criterion": "entropy"}, "learner": "extra_tree", "sample_size": 43812}
{"record_id": 4, "iter_per_learner": 8, "logged_metric": null, "trial_time": 11.823351383209229, "wall_clock_time": 119.21183276176453, "validation_loss": 0.18220850538130492, "config": {"n_estimators": 198, "max_features": 0.8461998220162169, "max_leaves": 13, "criterion": "gini"}, "learner": "extra_tree", "sample_size": 43812}
{"record_id": 5, "iter_per_learner": 9, "logged_metric": null, "trial_time": 4.839600563049316, "wall_clock_time": 129.46568965911865, "validation_loss": 0.18189303327885267, "config": {"n_estimators": 70, "max_features": 0.9969126323328488, "max_leaves": 7, "criterion": "gini"}, "learner": "extra_tree", "sample_size": 43812}
{"curr_best_record_id": 5}
