iter	Logloss
0	0.4814042714
1	0.2391469874
2	0.3235582822
3	0.2584977494	4	0.291304515	05	0.239265436	06	0.295766827	07	0.239018388	88	0.4143759799	9	0.2369342611010	0.2885377611111	0.25573412	1212	0.28302213	1313	0.2369914	0114	0.28282015	1515	0.25479416	1616	0.28179917	1717	0.2957418	01818	0.4223819	01919	0.2352720	02020	0.2813221	02121	0.2389122	02222	0.288923	0.2323	0.235924	0.2424	0.279925	0.2525	0.245326	0.2626	0.285127	0.2727	0.296528	0.2828	0.280229	0.2929	0.240630	0.3030	0.280631	0.3131	0.2385336872
