iter	Logloss
0	0.2909066056
1	0.2294780673
2	0.2146133025
3	0.2083920649
4	0.2051835302
5	0.2032770191
6	0.2006060286
7	0.1997879839
8	0.1984242767
9	0.1972209977
10	0.1962989473
11	0.1952479756
12	0.1944569333
13	0.1938933147
14	0.1932650724
15	0.1920833461
16	0.1911796386
17	0.1907151608
18	0.190251307
19	0.189049237
