iter	Logloss
0	0.6329881838
1	0.5840416056
2	0.5397877221
3	0.4959527685
4	0.4605883271
5	0.4374563352
6	0.4173404437
7	0.3944282091
8	0.3756228688
9	0.3586300738
10	0.3427380672
11	0.3303353172
12	0.3162373644
13	0.3059319664
14	0.2970362612
15	0.2899124966
16	0.2847880048
17	0.2804546826
18	0.2735122106
19	0.2702596197
20	0.2661727624
21	0.2634112771
22	0.2591304833
23	0.2559792124
24	0.2519633178
25	0.2500737621
26	0.248739608
